file,hypothesis,reference,duration,word_count
ARA NORM  0001.wav,أتاحت للبائع المتجولي أن يكون جاذباً للمواطن الأقل دخلاً,>atAHat lilbA}iEi lmutajaw~ili >an yakuwna jA*iban lilmuwATini l>aqal~i daxlan,7.11,9
ARA NORM  0002.wav,أحرزت منتخبات البرازيل والمانيا وروسيا فوزا في مقابلاتهم الإعدادية التي أُقيمت استعدادا لنهائيات كأس العالم التي ستنطلق بعد أقل من أسبوع,>aHrazat muntaxabAtu lbarAziyli wa>lmAnyA waruwsyA - fawzan fiy muqAbalAtihim l<iEdAdiy~api l~atiy >uqiymat istiEdAdan linihA}iy~Ati ka>si lEAlam - >al~atiy satanTaliqu baEda >aqal~i min >usbuwE,17.75,21
ARA NORM  0003.wav,أخفق مجلس النواب اللبناني في اختيار رئيس جديد للبلاد خلفاً لرئيس الحالي الذي تنتهي ولايته في الخامس والعشرين من مايو أيار المقبل,>axfaqa majlisu ln~uw~Abi ll~ubnAniy~u fiy xtiyAri ra}iysin jadiydin lilbilAdi - xalafan lilr~a}iysi lHAliy~i l~a*iy tantahiy wilAyatuhu fiy lxAmisi wAlEi$riyn - min mAyuw >ayAra lmuqbil,16.15,22
ARA NORM  0004.wav,إذ سيحضر رقاء هذا العام خمس وثلاثون منهم,<i* sayaHDuru liqA'a ha*A lEAmi xamsun wa^alA^uwna minhum,4.87,8
ARA NORM  0005.wav,أعلنت الحكومة المصرية عن وقف تقديم الدعم النقدي لمزارعي القطن اعتبارا من الموسم الزراعي المقبل,>aElanati lHukuwmapu lmiSriy~apu Ean waqfi taqdiymi ld~aEmi ln~aqdiy~i limuzAriEiy lquTni - <iEtibAran mina lmuwsimi lz~irAEiy~i lmuqbil,11.37,15
ARA NORM  0006.wav,أعلنت وزارة الصحة السعودية اليوم عن وفاتين جديدتين بالفيروس التاجي كورونا نوفل,>aElanat wizArapu lSi~Ha~pi lsa~Euwdiya~pu lyawma Ean wafAtayni jadiydatayni biAlfayruwsi lta~Ajiyi - kuwruwnA nuwfil,10.62,12
ARA NORM  0007.wav,افتتحت الجمعة تفعاليات الدورة الرابعة عشرة من المهرجان الدولي للفلم بمراكش,<iftutiHati ljumuEapa faE~Aliy~Atu ld~awrapi lr~AbiEapa Ea$rapa - mina lmihrajAni ld~awliy~i lilfiylmi bimur~Aki$,10.03,11
ARA NORM  0008.wav,أكدت عشر دول عربية شاركت الخميس الماضي في اجتماع جدة موافقتها على الانضمام إلى حلف مع الولايات المتحدة لشن حملة عسكرية منسقة ضد تنظيم الدولة الإسلامية,>ak~adat Ea$ru duwalin Earabiy~apin $Arakati lxamiysa lmADiya fiy jtimAEi jd~ap - muwAfaqatahA EalY l<inDimAmi <ilY Hilfin maEa lwilAyAti lmut~aHidapi - li$an~i Hamlapin Easkariy~apin munas~aqapin Did~a tanZiymi - >ald~awlapi l<islAmiy~api,21.61,26
ARA NORM  0009.wav,التحق لوكا زيدانة ابن النجم الدولي الفرنسي الجزائري الأصل زين الدين زيدان بالفريق,<iltaHaqa luwkA ziydAna - <ibnu ln~ajmi ld~awliy~i lfaransiy~i ljazA}iriy~i l>Sli zayni ld~iyni ziydAn - biAlfariyq,10.41,13
ARA NORM  0010.wav,المشاكل التي يتركها خلفه دائما,>alma$Akilu l~atiy yatrukuhA xalfahu dA}iman,3.98,5
ARA NORM  0011.wav,الذي يتضمن مزايا برماجية وبصرية عديدة تهدف لمواكبة التطور الحاصل في الفضاء الإلكتروني وتسهيل استفادة القراء من خدمات الموقع,>al~a*iy yataDam~anu mazAyA barmajiy~apan wabaSariy~apan Eadiydapan - tahdifu limuwAkabapi lt~aTaw~uri lHASili fiy lfaDA'i l<ilktruwniy - watashiyli stifAdapi lqur~A'i min xadamAti lmawqiE,16.02,19
ARA NORM  0012.wav,الفكرة وإن بدت جديدة على مجتمع يعيش واقعا سيئا لا تشجع على الضحك,>alfikrapu wa<in badat jadiydapan EalY mujtamaEin yaEiy$u wAqiEan sayi}aan - lA tu$aj~iEu EalY lD~aHik,8.92,13
ARA NORM  0013.wav,مشيرا إلى خدمة القرآن الكريم وتعزيز علاقة المسلمين به,mu$iyraan <ilY xidmapi lqur>Ani lkariymi - wataEziyzi EalAqapi lmuslimiyna bihi,6.92,9
ARA NORM  0014.wav,إنه عندما يكون أحد الزوجين يستخدم أحد أشكال التكنولوجيا أكثر من الآخر,<in~ahu EindamA yakuwnu >aHadu lz~awjayni yastaxdimu >aHada >a$kAli lt~iknuwluwjyA - >ak^ara mina l>Axar,8.75,12
ARA NORM  0015.wav,وذلك بحضور رئيس الهيئة,wa*alika biHuDuwri ra}yisi lhay}api,3.08,4
ARA NORM  0016.wav,وذلك في بطولة كأس العالم للأندية بعد نسخة تاريخية العام الماضي انتهت بتتويج بايرين ميونيخ الألمانية على حساب الرجاء المغربي في أول تأهل لفريق عربي إلى نهاي المسابقة,wa*alika fiy buTuwlapa ka>si lEAlami lil>andiyapi baEda nusxapin tAriyxiy~apin >alEAma lmADiya - <intahat bitatwiyji bAyrin miyuwniyxa l>almAniy~a - EalY HisAbi lr~ajA'i lmagribiy~i - fiy >aw~ali ta>ah~ulin lifariyqin Earabiy~in <ilY nihA}iy~i lmusAbaqapi,22.42,28
ARA NORM  0017.wav,بل يجب البحث فيما تمثله من إضافة حقيقية للإقتصاد المصري في مجالات التوظيف باعتبار أن مشكلة البطالة من المشكلات الرئيسية في مصر.,bal yajibu lbaH^u fiymA tuma^~iluhu min <iDAfapin Haqiyqiy~apin lil<iqtiSAdi lmaSriy~i - fiy majAlAti lt~awZiyf - biAEtibAri >an~a mu$kilapa lbiTAlapi mina lmu$kilAti lr~a}iysiy~api fiy miSr,16.98,22
ARA NORM  0018.wav,تحتضن قاعة ذا فينيو وسط بيروتة معرض الفن الاستثنائي,taHtaDinu qAEapu - *A fiynyuw- wasaTa bayruwta - maEriDa lfan~i l<isti^nA}iy~i,8.62,9
ARA NORM  0019.wav,تربية الحمام هواية ومهنة لبعض الناس,tarbiyapu lHamAmi - hiwAyapun wamihnapun libaEDi ln~As,5.57,6
ARA NORM  0020.wav,تسعى شبكة التواصل الاجتماعي الصاعدة إلى منافسة شبكة فيسبوك عبر التخلي عن الإعلانات والحفاظ على الخصوصية وحماية البيانات.,tasEY $abakapu lt~awASuli l<ijtimAEiy~i lS~AEidapu - <iylw - <ilY munAfasapi $abakapi - fysbuwk - Eabra lt~axal~iy Eani l<iElAnAti - wAlHifAZi EalY lxuSuwSiy~api - waHimAyapi lbayAnAt,18.98,18
ARA NORM  0021.wav,جمع المؤنث السالم مثل فازت إحدى الطالبات في مسابقة القرآات القرآنية,jamEu lmu&ana~^i lsa~Alimi mi^la - fAzat <iHdY lTa~AlibAti fiy musAbaqapi lqirA'Ati lqur>Aniya~pi,9.02,11
ARA NORM  0022.wav,حتى الأمس القريب كان الكثير من الأكرانيين يشكّكون في انتماء تتاري شبه جزيرة القرم.,Hat~Y l>amsi lqariyb - kAna lka^iyru mina l>uwkrAniy~iyn - yu$ak~ikuwna fiy ntimA'i tatAri $ibhi jaziyrapi lqarm,9.7,14
ARA NORM  0023.wav,حذّرت الأمم المتحدة من أن العالم سيواجه خلال العقود المقبلة تفاقم أزمة مزدوجة في المياه والكهرباء,Ha*~arati l>umamu lmut~aHidapu min >an~a lEAlama sayuwAjihu xilAla lEuquwdi lmuqbilapi - tafAquma >azmapin muzdawijapin fiy lmiyAh - wAlkahrabA',12.68,16
ARA NORM  0024.wav,حضور بعض الزعماء في المسيرة الجمهورية بباريس,HuDuwru baEDi lz~uEamA'i fiy - >almasiyrapi ljumhuwriy~api - bibAriys,7.04,7
ARA NORM  0025.wav,حيث كان العرب أول من عرف قيمتها العلاجية في القرن العاشر قبل الميلاد في مملكة السبأ,Hay^u kAna lEarabu >w~ala man Earafa qiymatahA lEilAjiy~apa - fiy lqarni lEA$iri qabla lmiylAd - fiy mamlakapi saba>,10.78,16
ARA NORM  0026.wav,دخلت التكنولوجيا في كل بيت واسرة، وأصبحت تشكل الجزء الكبير من حياتنا.,daxalati lt~iknuwluwjyA fiy kul~i baytin wa>usrapin - wa>aSbaHat tu$ak~ilu ljuz'a lkabiyra min HayAtinA,8.6,12
ARA NORM  0027.wav,دون تحميل الجسم جهداً كبيراً في البداية قد يتسبب في نفور الشخص من الاستمرار,duwna taHmiyli ljismi juhdan kabiyran fiy lbidAyapi - qad yatasaba~bu fiy nufuwri l$a~xSi mina l<istimrAr,8.73,14
ARA NORM  0028.wav,رغم النزاع الدامي الذي يعصف بالبلاد منذ ثلاث سنوات,ragma ln~izAEi ld~Amiy - >al~a*iy yaESifu biAlbilAd - mun*u ^al>a^i sanawAt,7.33,9
ARA NORM  0029.wav,رفض مجلس الأمن الدولي مشروع القرار الفلسطيني رامي إلى انهاء الاحتلال الإسرائيلي في عامين,rafaDa majlisu l>amni ld~awliy~u - ma$ruwEa lqarAri lfilisTiyniy~i lr~Amiy - <ilY <inhA'i l<iHtilAli l<isrA}iyliy~i fiy EAmayn,11.91,14
ARA NORM  0030.wav,رمز الدولة التركية العلمانية التي تأسست عقب انهيار الدولة العثمانية,ramzu ld~awlapi lt~urkiy~api lEilmAniy~api al~atiy ta>as~asat - Eaqiba nhiyAri ld~awlapi lEu^mAniy~api,9.17,10
ARA NORM  0031.wav,شارك موقع الجزيرة لتعلم العربية في المؤتمر الدولي الثاني للغة العربية الذي نظمته جامعة مولانا مالك إبراهيم الإسلامية الحكومية بمدينة مالانق بالتعاون مع جامعة دار السلام بمدينة كونتور في أندونيسيا,$Araka mawqiEu - >aljaziyrapi litaEal~umi lEarabiy~api - fiy lmu&tamari ld~awliy~i l^~Aniy lil~ugapi lEarabiy~api - >al~a*iy naZ~amathu jAmiEapu mawlAnA mAlik <ibrAhiym - >al<islAmiy~apu lHukuwmiyapu bimadiynapi mAlAnq - biAlt~aEAwuni maEa jAmiEapi dAri ls~alAm - bimadiynapi kuwntuwr - fiy >anduwniysyA,28.68,30
ARA NORM  0032.wav,شرع الاتحاد التونسي للفروسية في تنفيذ خطة ترنو إلى المضي بهذه الرياضة نحو بلوغ العالمية,$araEa l<it~iHAdu lt~uwnusiy~u lilfuruwsiy~api fiy tanfiy* - xuT~apin tarnuw <ilY lmuDiy~i biha*ihi lr~iyADapi - naHwa buluwgi lEAlamiy~api,12.66,15
ARA NORM  0033.wav,شهد عام 2014 عدة إنجازات طبية,$ahida EAmu >alfayni wa>arbaEapa Ea$rapa - Eid~apa <injAzAtin Tib~iy~apin,6.96,6
ARA NORM  0034.wav,عاد ارتفاع أسعار الأدوية وشح المنقذ للحياة منها ليطل برأسه في السودان من جديد,EAda <irtifAEu >asEAri l>dwiyapi - wa$uH~u lmunqi*i lilHayApi minhA - liyuTil~a bira>sihi fiy ls~uwdAni min jadiydin,10.85,14
ARA NORM  0035.wav,على اعتبارها تساعد على توسيع مدارك الأطفال وتجعل منهم أُناساً مُثقَّفين مُستقبلاً ومواكبين لعصر التكنولوجيا المعلومات,EalY EtibArihA tusAEidu EalY tawsiyEi madAriki l>aTfAl - watajEalu minhum - >unAsan mu^aq~afiyna mustaqbalan - wamuwAkibiyna liEaSri tiknuwluwjyA lmaEluwmAt,14.64,16
ARA NORM  0036.wav,وذلك على خلاف نظرائه السابقين,wa*alika EalY xilAfi nuZarA}ihi ls~Abiqiyn,3.81,5
ARA NORM  0037.wav,فتحت أكاديمية الموسيقى العربية رسميا يوم السبت أبوابها في بروكسيل بحضور مجموعة من الوزراء ورجال الفن البلجيكيين والعرب,fataHat >akAdiymiy~apu lmuwsiyqY lEarabiy~api rasmiy~an yawma ls~abt - >abwAbahA fiy bruwksil - biHuDuwri majmuwEapin mina lwuzarA' - warijAli lfan~i lbaljiykiy~iyna wAlEarab,15.4,18
ARA NORM  0038.wav,فطحظ بتعلم يمحو أميتها ويضيء لها طريق المعرفة والتكنولوجيا,fataHZY bitaEal~umin yamHuw >um~iy~atahA - wayuDiy'u lahA Tariyqa lmaErifapi wAlt~iknuwluwjyA,8.41,9
ARA NORM  0039.wav,فهذا المنزل المتواضع أصبح محجا لعدد كبير من النساء المريضات بالسرطان,faha*A lmanzilu lmutawADiE - >aSbaHa maHaj~aan liEadadin kabiyrin mina ln~isA'i lmariyDAti biAls~araTAn,8.68,11
ARA NORM  0040.wav,حدث ذلك في حي يعقوب المنصور الشعبي,Hada^a *alika fiy Hay - yaEquwba lmanSuwr- l$~aEbiy~i,5.56,7
ARA NORM  0041.wav,في حين كان المركز الأول في الوثب العالي من نصيب الكرواتية آنا سميج,fiy Hiyni kAna lmarkazu l>aw~alu fiy lwa^bi lEAliy - min naSiybi lkuruwAtiy~api >AnA siymiyt$,8.24,13
ARA NORM  0042.wav,قال باحثون إن رياحا أقوى من المعتاد خففت من حرارة سطح المحيط الهادي هي سبب الطباط المؤقت في ارتفاع درجة حرارة الأرض منذ بداية القرن الحادي والعشرين,qAla bAHi^uwna <in~a riyAHan >aqwY mina lmuEtAd - xaf~afat min HarArapi saTHi lmuHiyTi lhAdiy - hiya sababu lt~abATu}i lmu&aq~at - fiy rtifAEi darajapi HarArapi l>arD - mun*u bidAyapi lqarni lHAdiy wAlEi$riyn,19.01,27
ARA NORM  0043.wav,قبل أن يسلم ليدافع عن دينه محبا ومحترما لأصله وماضيه,qabla >an yuslima liyudAfiEa Ean diynih - muHib~aan wamuHtariman li>aSlihi wamADiyh,7.63,10
ARA NORM  0044.wav,كما تم تحسين واجهات التنقل واختيار وسائل النقل المناسبة بشكل كبير,kamA tam~a taHsiynu wAjihAti lt~anaq~ul - wAxtiyAri wasA}ili ln~aqli lmunAsibapi bi$aklin kabiyr,8.82,11
ARA NORM  0045.wav,كما توفيت الروائية البارزة والأستاذة الجامعية المصرية رضوى عاشور عن ثماني وستين عاماً,kamA tuwuf~iyati lr~iwA}iy~apu lbArizapu - wAl>ustA*apu ljAmiEiy~apu lmiSriy~apu - raDwY EA$uwr - Ean ^amAniy wasit~iyna EAman,13.23,13
ARA NORM  0046.wav,كما شارك الطالبات من مدارس فلسطينية الفنانة التركية في عمل لوحات,kamA $Arakat TAlibAtun min madArisa filasTiyniy~apin - >alfan~Anapa lt~urkiy~apa fiy Eamali lawHAt,8.97,11
ARA NORM  0047.wav,لامس مذنب يطلق عليه اسمه Siding Spring كوكب المريخ عند مروره بمحاذاته,lAmasa mu*an~abun yuTlaqu Ealayhi <ismu - sAydiyng sbriyng - kawkaba lmir~iyxi Einda muruwrihi bimuHA*Atih,9.93,12
ARA NORM  0048.wav,لقد ساهمت التكنولوجيا في تقليل النزاعات الأسرية، وأعطت لكل فرد نوعا من الاستقلالية.,laqad sAhamati lt~iknuluwjyA fiy taqliyli ln~izAEAti l>usariy~api - wa>aETat likul~i fardin nawEan mina l<istiqlAliy~api,10.75,13
ARA NORM  0049.wav,لكن مصدرا في الوفد قال إن السعر سينخفض بعد انخفاض أسعار النفط في العالم,lakin~a maSdaran fiy lwafdi qAl - <in~a ls~iEra sayanxafiDu baEda nxifADi >asEAri ln~afTi fiy lEAlam,8.88,14
ARA NORM  0050.wav,لم يمنع ضعف موارد التمويل وارتفاع كلفة المشاركات الدولية رياضة الفروسية في تونس من أن تستقطب المئات من عشاقها في بلد يكاد الاهتمام فيه يقتصر على رياضات شعبية معينة.,lam yamnaE DaEfu mawAridi lt~amwiyl - wArtifAEu kulfapi lmu$ArakAti ld~awliy~api - riyADapa lfuruwsiy~api fiy tuwnusa min >an tastaqTiba lmi}At - min Eu$~AqihA fiy baladin yakAdu l<ihtimAmu fiyhi yaqtaSir - EalY riyADAtin $aEbiy~apin muEay~anapin,22.56,29
ARA NORM  0051.wav,ليضعاب ذلك حدًا للعديد من التقارير التي أكدت إمكانية رحيل اللاعب المشاغب قريبًا.,liyaDaEA bi*alika Hadaan - lilEadiydi mina lt~aqAriyr - >al~atiy >ak~adat <imkAniy~apa raHiyli ll~AEibi lmu$Agibi qariybaan,10.76,13
ARA NORM  0052.wav,مضيفاً نحاول خلق فرص عمل بأيدينا,muDiyfan - nuHAwilu xalqa furaSi Eamalin bi>aydiynA,4.84,6
ARA NORM  0053.wav,وذلك مقارنة مع المحاصيل الزراعية الأخرى,wa*alika muqAranapan maEa lmaHASiyli lz~irAEiy~api l>uxrY,5.08,6
ARA NORM  0054.wav,ملقيا الضوء على قادية الفتنة الطائفية في المجتمع المصري بأسلوب بسيط من خلال علاقات الأطفال في المدرسة بزميلهم المسيحي.,mulqiyan lD~aw'a EalY qaDiy~api lfitnapi lT~A}ifiy~api - fiy lmujtamaEi lmiSriy~i bi>usluwbin basiyTin - min xilAli EalAqAti l>aTfAl - fiy lmadrasapi bizamiylihimu lmasiyHiy~i,16.07,19
ARA NORM  0055.wav,مما يدعم نتائج دراسات سابقة تحذر من مخاطر الإفراط في استعمال الجوّال.,mim~A yadEamu natA}ija dirAsAtin sAbiqapin - tuHa*~iru min maxATiri l<ifrATi fiy stiEmAli ljaw~Al,8.91,12
ARA NORM  0056.wav,من بينها الاستقرار ونوعية الرعاية الصحية والثقافة والبيئة والتعليم والبنية التحتية.,min baynihA >al<istiqrAru wanawEiy~apu lr~iEAyapi lS~iH~iy~api wAl^~aqAfapi wAlbiy}api wAlt~aEliymi wAlbinyapi lt~aHtiy~api,10.09,11
ARA NORM  0057.wav,منها أقمشة وأدوات معدنية وخشبية وقنان بلاستيكية وزجاجية وأوراق صحف,minhA >aqmi$apun wa>adawAtun maEdaniy~apun waxa$abiy~apun - waqinAnun blAstiykiy~apun wazujAjiy~apun wa>awrAqu SuHuf,11.08,10
ARA NORM  0058.wav,هل الصيام تأثير على عمل المسلمين في الشركات بأوروبا؟,hal lilS~iyAmi ta>^iyrun EalY Eamali lmuslimiyna fiy l$~arikAti bi>uwruwb~A,5.98,9
ARA NORM  0059.wav,هناك فكرة طرحة بادي الأمر بعقد قمة أوروبية في سرييفو بهذه المناسبة,hunAka fikrapun TuriHat bAdi}a l>amr - biEaqdi qim~apin >uwruwbiy~apin fiy sarayiyfuw biha*ihi lmunAsabapi,8.92,12
ARA NORM  0060.wav,ويمكن أن تُحصد الثمار على مدى فترة زمنية طويلة,wa yumkinu >an tuHSada l^~imAr - EalY madY fatrapin zamaniy~apin Tawiylapin,6.53,9
ARA NORM  0061.wav,وأحرز المركز الثالث الروائي الجزائري أحمد طيباوي عن روايته موت الناعم,wa>Hraza lmarkaza l^~Ali^ - >alr~iwA}iy~u ljazA}iriy~u - >aHmadu TiybAwiy Ean riwAyatihi - mawtun nAEim,10.79,11
ARA NORM  0062.wav,واختم البرازيليون مبارياتهم الإعدادية بالفوز على سربيا بهدف وحيد سجله المهاجم فريد في الشوط الثاني من المباراة التي أقيمت في ساو باولو,wAxtatama lbarAziyliy~uwna mubArAyAtihimi l<iEdAdiy~apa biAlfawzi EalY SirbyA bihadafin waHiydin - saj~alahu lmuhAjimu farydun fiy l$~awTi l^~Aniy mina lmubArApi - >al~atiy >uqiymat fiy sAwbAwluw,17.31,22
ARA NORM  0063.wav,واشتهر الراحل بمقالاته وكتبه الرصينة التي تضمنت قراءات مستقبلية للآفاق السياسية والاجتماعية في العالم العربي الإسلامي.,wA$tahara lr~AHilu bimaqAlAtihi wakutubihi lr~aSiynapi - >al~atiy taDam~anat qirA'Atin mustaqbaliy~apan lil>AfAqi ls~iyAsiy~api wAl<ijtimAEiy~api - fiy lEAlami lEarabiy~i l<islAmiy~i,16.61,16
ARA NORM  0064.wav,وأصبح هذا الصرح مدحفاً رسمياً,wa>aSbaHa ha*A lS~arHu matHafan rasmiy~an,3.62,5
ARA NORM  0065.wav,وأضاف البيان أن فريقا من الأطباء والممرضات واختصاصيين آخرين في مجال الصحة يعتنون بما دل على مدار الساعة,w>aDAfa lbayAnu an~a fariyqaan min l>aTib~A'i wAlmumar~iDAt - w<ixtiSASiy~iyna >Axariyna fiy majAli lS~iH~api - yaEtanuwna bimAndiyl~A EalY madAri ls~AEapi,14.13,18
ARA NORM  0066.wav,واعتبروها فلسفة روحية متكاملة لتحرير الجسم والفكر,wAEtabaruwhA falsafapan ruwHiy~apan mutakAmilapan litaHriyri ljismi wAlfikr,6.15,7
ARA NORM  0067.wav,التوحد هو مجموعة اترابات عصبية في التطور تشمل أعراضها وجود مشاكل في السلوك الاجتماعي للشخص المصاب,>alt~awaH~udu huwa majmuwEapu DTirAbAtin EaSabiy~apin fiy lt~aTaw~ur - ta$malu >aErADuhA wujuwda ma$Akila fiy ls~uluwki lAjtimAEiy~i - lil$~axSi lmuSAb,13.91,16
ARA NORM  0068.wav,والعمل الرئيسي له هو روايته الملحمية مأة عام من العزلة التي نال عنها جائزة نوبل في الأدب عام 1982.,wAlEamalu lr~a}iysiy~u lahu huwa riwAyatahu lmalHamiy~apu - mA}apu EAmin mina lEuzlapi - >al~atiy nAla EanhA jA}izapa nuwbila fiy l>adab - EAma >alfin watisEimi}apin wa<i^nAni wa^amAnuwn,17.53,19
ARA NORM  0069.wav,والميكونج وسالوين في جنوب شرق آسيا,wAlmiykuwng was>aluwyn fiy januwbi $arqi >AsyA,4.38,6
ARA NORM  0070.wav,وأن أهم معوّقات نجاحها تكمن في عدم تفرغ أصحابها لإدارتها,wa>n~a >aham~a muEaw~iqAti najAHihA takmunu fiy Eadami tafar~ugi >aSHAbihA li<idAratihA,7.79,10
ARA NORM  0071.wav,وأوضح الباحثون أن سوء التغذية هو السبب الرئيسي لتوقف النمو عند الأطفال,wa>awDaHa lbAHi^uwna >an~a suw'a lt~ag*iyapi - huwa ls~ababu lr~a}iysiy~u litawaq~ufi ln~umuw - Einda l>aTfAl,9.79,12
ARA NORM  0072.wav,وأوضحت المجلة أن السبب في ذلك يرجع إلى تضيق الشعب الهوائية وتشنُّجها بفعل الهواء البارد.,wa>awDaHati lmajal~apu >an~a ls~ababa fiy *alika - yarjiEu <ilY taDay~uqi l$~uEabi lhawA}iy~api wata$an~ujihA bifiEli lhawA'i lbArid,11.49,15
ARA NORM  0073.wav,وبات أتلتكو مدريد في صدارة الترتيب العام بأربع نقاط,wabAta >atlitiykuw madriyd fiy SadArapi lt~artiybi lEAm~i - bi>arbaEi niqAT,6.92,9
ARA NORM  0074.wav,وبالتالي تساعد على البيقاية من الإمساك,wabiAlt~Aliy tusAEidu EalY lwiqAyapi mina l<imsAk,4.32,6
ARA NORM  0075.wav,وذلك بزيارة جمهور خاص جداً سنوياً,wa*alika biziyArapi jumhuwrin xAS~in jid~an sanawiy~an,5.03,6
ARA NORM  0076.wav,وبسبب شكوك بأن الطائرة كانت تقل إدوارد سنودن الذي تتهمه واشنطن بالتجسس,wabisababi $ukuwkin bi>an~a lT~A}irapa kAnat tuqil~u idwArd snuwdun - >al~a*iy tat~ahimuhu wA$inTun biAlt~ajas~us,9.83,12
ARA NORM  0077.wav,وبعثوا رسالة إلى الرئيس تتضمن مطالب لعودتهم,wabaEa^uwA risAlapan <ilY lra~}iysi tataDama~nu maTAliba liEawdatihim,5.69,7
ARA NORM  0078.wav,وبعد شهور من الحيرة والقلق تعرفك أمار على مركز عبدالله بن زيد الثقافي للتعريف بالإسلام,wabaEda $uhuwrin mina lHayrapi wAlqalaq - taEara~fa kuwmAr EalY markazi Eabdi llhi bni zaydi l^a~qAfiy~i - lilta~Eriyfi biAl<islAm,12.54,15
ARA NORM  0079.wav,وبهذا يبقى مئة وستة وثلاثون محتجزا في المعتقل المثير للجدل,wabiha*A yabqY mi}apun wasit~apun wa^~l>a^uwna muHtajazan fiy lmuEtaqali lmu^iyri liljadal,7.78,10
ARA NORM  0080.wav,وتستخدم في بعض الدول وسائل علاج مختلفة,watustaxdamu fiy baEDi ld~uwal - wasA}ilu EilAjin muxtalifapun,5.76,7
ARA NORM  0081.wav,وتطور استخدام الطائرات العاملة بدون طيار وبدأت الساعات الذكية الانتشارة وكذلك الطباعة الثلاثية الأبعاد,wataTaw~ara stixdAmu lT~A}irAti lEAmilapi biduwni Tay~Ar - wabada>ati ls~AEAtu l*~akiy~apu al<inti$Ara - waka*alika lT~ibAEapu l^~ulA^iy~apu l>abEAd,13.66,14
ARA NORM  0082.wav,وجاء هذا القرار بعد إعلان السعودية تخفض أعداد الحجاش هذا العام,wajA'a ha*A lqarAr - baEda <iElAni lsa~Euwdiya~pi taxfiyDa >aEdAdi lHuja~Aji ha*A lEAm,7.97,11
ARA NORM  0083.wav,وجاءت الأرقام صادمة فيما يخص الشرق الأوسط,wajA'ati l>arqAmu SAdimapan - fiy mA yaxuS~u l$~arqa l>awsaT,5.93,7
ARA NORM  0084.wav,وصدرت الرسائل باسم مبدعي وفناني مصر,waSadarati lr~asA}il - bi<ismi mubdiEiy wafan~Aniy miSra,5.35,6
ARA NORM  0085.wav,وفي افتتاح المؤتمر، قالت الشاعرة شريفة السيد إن العقاد اتخذ من القراءة والاطلاع على كل العلوم ومختلف الحضارات سلاحا يحطم به الصنمية ويكسر المحرمات,wafiy ftitAHi lmu&tamari - qAlati l$~AEirapu $ariyfapa ls~ay~id - <in~a lEaq~Ada it~axa*a mina lqirA'api wAl<iT~ilAEi EalY kul~i lEuluwm - wamuxtalafi lHaDArAt - silAHan yuHaT~imu bihi lS~anamiy~apa - wayaksiru lmuHar~amAt,20.66,24
ARA NORM  0086.wav,وفي كوريا الجنوبية تقوم الحكومة بتمويل مستشفيات لعلاج هذا الإدمان الذي يعتبر مشكلة قومية.,wafiy kuwryA ljanuwbiy~api taquwmu lHukuwmapu bitamwiyli musta$fayAtin liEilAji ha*A l<idmAni l~a*iy yuEtabaru mu$kilapan qawmiy~apan,10.92,14
ARA NORM  0087.wav,وكان الأمل أن تكون هذه الديمقراطيات مصحوبة بأداء تنموي مختلف,wakAna l>amalu >an takuwna ha*ihi ld~iymuqrATiy~Atu - maSHuwbapan bi>adA'in tanmawiy~in muxtalif,8.64,10
ARA NORM  0088.wav,وكتبوا في دورية الكلية الأمريكية لأمراض القلب أن السمنة ترتبط بحدوث تغييرات في القلب لدى البالغين,wakatabuwA fiy dawriy~api lkul~iy~api l>amiyrikiy~api li>amrADi lqalb - >an~a ls~umnapa tartabiTu biHuduw^i tagayiyrAt - fiy lqalbi ladY lbAligiyn,12.76,16
ARA NORM  0089.wav,وكل ذلك بمحتوى منخفض للغاية من السعرات الحرارية,wakul~u *alika bimuHtawYan munxafiDin lilgAyapi mina ls~uErAti lHarAriy~api,6.32,8
ARA NORM  0090.wav,وكلما زادت كمية السكر المتناولة مع التمر تقل فائدته الغذائية,wakul~amA zAdat kamiy~apu ls~uk~ari lmutanAwalapi maEa lt~amri taqil~u fA}idatuhu lgi*A}iy~apu,8.22,10
ARA NORM  0091.wav,ولا يزال هذا البلد متمسكاً بتقويم الكنيسة القبطية المعروف محلياً بالتقويم الإثيوبي.,walA yazAlu ha*A lbaladu mutamas~ikan bitaqwiymi lkaniysapi lqibTiy~api - >almaEruwfi maHal~iy~an biAlt~aqwiymi l<i^yuwbiy~i,10.43,12
ARA NORM  0092.wav,ولاعبة الخبرة دورها في التتويج عاشور الخامس عالمياً,walaEibati lxibrapu dawrahA fiy tatwiyji EA$uwra lxAmisi EAlamiy~an,6.33,8
ARA NORM  0093.wav,تتوالى العمليات السرية بالحدوث,tatawAlY lEamalyAtu ls~ir~iyapa biAlHuduw^,3.97,4
ARA NORM  0094.wav,ومن تلك السلع الشاي الصيني والورق والبارود والبوصلة,wamin tilka ls~ilaE - >al$~Ayu lS~iyniy~u - wAlwaraqu wAlbAruwdu wAlbuwSilapu,7.16,8
ARA NORM  0095.wav,ومنح آباؤهم القدرة على التحكم في كيفية استخدام هذه الخدمة,wamanaHa >AbA}uhumu lqudrapa EalY lt~aHak~umi fiy kayfiy~api stixdAmi ha*ihi lxidmapi,7.18,10
ARA NORM  0096.wav,ويأمل الباحثون تطوير حبوب أو نسخة من الدواء قابلة للحقن خلال خمس سنوات,waya>mulu lbAHi^uwna - taTwiyra Hubuwbin >aw nusxapin mina ld~awA' - qAbilapan lilHaqni xilAla xamsi sanawAt,10.18,13
ARA NORM  0097.wav,ويستخدم البرنامج نظاماً سحابياً للذكاء الصنعي يسمح له بتحليل الإيماءات والتعابير,wayastaxdimu lbarnAmaju - niZAman saHAbiy~an lil*~akA'i lS~unEiy~i - yasmaHu lahu bitaHliyli l<iymA'Ati - wAlt~aEAbiyr,12.36,11
ARA NORM  0098.wav,ويعتبر مهرجان قرطاج السينماي من أعرق مهرجانات أفريقيا,wayuEtabaru mihrajAnu qarTAja ls~iynamA}iy~u - min >aEraqi mihrajAnAti >afriyqyA,7.79,8
ARA NORM  0099.wav,ويقول العلماء إنه من غير المرجح أن تطور البكتيريا المعدية مقاومة ضد العلاج الجديد الذي أصبح متاحا بالفعل في شكل مرهم للأمراض الجلدية.,wayaquwlu lEulamA'u <in~ahu min gayri lmuraj~aHi >an tuTaw~ira lbaktiyryA lmuEdiyapu - muqAwamapan Did~a lEilAji ljadiyd - >al~a*iy >aSbaHa mutAHan biAlfiEl - fiy $akli marhamin lil>amrADi ljildiy~api,18.2,23
ARA NORM  0100.wav,ويمكنك الحصول على تطبيقات للتدريبات الأساسية مجانا,wayumkinuka lHuSuwlu EalY taTbiyqAtin lilt~adriybAti l>asAsiy~api maj~Anan,7.14,7
